,Tarikh_Masihi,Hari,Tarikh,Bulan,Tahun,Izzat's Islamic Lunation Number
0,633-1-1,Jumaat,14,10,11,310
1,634-1-1,Sabtu,24,10,12,675
2,635-1-1,Ahad,5,11,13,1040
3,636-1-1,Isnin,16,11,14,1405
4,637-1-1,Rabu,28,11,15,1771
5,638-1-1,Khamis,9,12,16,2136
6,639-1-1,Jumaat,20,12,17,2501
7,640-1-1,Sabtu,1,1,19,2866
8,641-1-1,Isnin,13,1,20,3232
9,642-1-1,Selasa,23,1,21,3597
10,643-1-1,Rabu,4,2,22,3962
11,644-1-1,Khamis,14,2,23,4327
12,645-1-1,Sabtu,26,2,24,4693
13,646-1-1,Ahad,7,3,25,5058
14,647-1-1,Isnin,18,3,26,5423
15,648-1-1,Selasa,29,3,27,5788
16,649-1-1,Khamis,11,4,28,6154
17,650-1-1,Jumaat,22,4,29,6519
18,651-1-1,Sabtu,3,5,30,6884
19,652-1-1,Ahad,13,5,31,7249
20,653-1-1,Selasa,25,5,32,7615
21,654-1-1,Rabu,6,6,33,7980
22,655-1-1,Khamis,17,6,34,8345
23,656-1-1,Jumaat,28,6,35,8710
24,657-1-1,Ahad,10,7,36,9076
25,658-1-1,Isnin,21,7,37,9441
26,659-1-1,Selasa,1,8,38,9806
27,660-1-1,Rabu,12,8,39,10171
28,661-1-1,Jumaat,23,8,40,10537
29,662-1-1,Sabtu,4,9,41,10902
30,663-1-1,Ahad,15,9,42,11267
31,664-1-1,Isnin,26,9,43,11632
32,665-1-1,Rabu,8,10,44,11998
33,666-1-1,Khamis,19,10,45,12363
34,667-1-1,Jumaat,30,10,46,12728
35,668-1-1,Sabtu,11,11,47,13093
36,669-1-1,Isnin,22,11,48,13459
37,670-1-1,Selasa,3,12,49,13824
38,671-1-1,Rabu,13,12,50,14189
39,672-1-1,Khamis,24,12,51,14554
40,673-1-1,Sabtu,6,1,53,14920
41,674-1-1,Ahad,17,1,54,15285
42,675-1-1,Isnin,28,1,55,15650
43,676-1-1,Selasa,9,2,56,16015
44,677-1-1,Khamis,21,2,57,16381
45,678-1-1,Jumaat,1,3,58,16746
46,679-1-1,Sabtu,12,3,59,17111
47,680-1-1,Ahad,22,3,60,17476
48,681-1-1,Selasa,4,4,61,17842
49,682-1-1,Rabu,15,4,62,18207
50,683-1-1,Khamis,26,4,63,18572
51,684-1-1,Jumaat,8,5,64,18937
52,685-1-1,Ahad,19,5,65,19303
53,686-1-1,Isnin,30,5,66,19668
54,687-1-1,Selasa,11,6,67,20033
55,688-1-1,Rabu,21,6,68,20398
56,689-1-1,Jumaat,3,7,69,20764
57,690-1-1,Sabtu,14,7,70,21129
58,691-1-1,Ahad,25,7,71,21494
59,692-1-1,Isnin,6,8,72,21859
60,693-1-1,Rabu,18,8,73,22225
61,694-1-1,Khamis,28,8,74,22590
62,695-1-1,Jumaat,9,9,75,22955
63,696-1-1,Sabtu,20,9,76,23320
64,697-1-1,Isnin,1,10,77,23686
65,698-1-1,Selasa,12,10,78,24051
66,699-1-1,Rabu,23,10,79,24416
67,700-1-1,Khamis,4,11,80,24781
68,701-1-1,Sabtu,16,11,81,25147
69,702-1-1,Ahad,27,11,82,25512
70,703-1-1,Isnin,8,12,83,25877
71,704-1-1,Selasa,18,12,84,26242
72,705-1-1,Khamis,30,12,85,26608
73,706-1-1,Jumaat,11,1,87,26973
74,707-1-1,Sabtu,21,1,88,27338
75,708-1-1,Ahad,2,2,89,27703
76,709-1-1,Selasa,14,2,90,28069
77,710-1-1,Rabu,25,2,91,28434
78,711-1-1,Khamis,6,3,92,28799
79,712-1-1,Jumaat,17,3,93,29164
80,713-1-1,Ahad,28,3,94,29530
81,714-1-1,Isnin,9,4,95,29895
82,715-1-1,Selasa,20,4,96,30260
83,716-1-1,Rabu,1,5,97,30625
84,717-1-1,Jumaat,12,5,98,30991
85,718-1-1,Sabtu,24,5,99,31356
86,719-1-1,Ahad,5,6,100,31721
87,720-1-1,Isnin,16,6,101,32086
88,721-1-1,Rabu,27,6,102,32452
89,722-1-1,Khamis,8,7,103,32817
90,723-1-1,Jumaat,18,7,104,33182
91,724-1-1,Sabtu,29,7,105,33547
92,725-1-1,Isnin,11,8,106,33913
93,726-1-1,Selasa,22,8,107,34278
94,727-1-1,Rabu,3,9,108,34643
95,728-1-1,Khamis,14,9,109,35008
96,729-1-1,Sabtu,26,9,110,35374
97,730-1-1,Ahad,7,10,111,35739
98,731-1-1,Isnin,17,10,112,36104
99,732-1-1,Selasa,27,10,113,36469
100,733-1-1,Khamis,9,11,114,36835
101,734-1-1,Jumaat,20,11,115,37200
102,735-1-1,Sabtu,1,12,116,37565
103,736-1-1,Ahad,12,12,117,37930
104,737-1-1,Selasa,24,12,118,38296
105,738-1-1,Rabu,5,1,120,38661
106,739-1-1,Khamis,16,1,121,39026
107,740-1-1,Jumaat,26,1,122,39391
108,741-1-1,Ahad,8,2,123,39757
109,742-1-1,Isnin,19,2,124,40122
110,743-1-1,Selasa,29,2,125,40487
111,744-1-1,Rabu,10,3,126,40852
112,745-1-1,Jumaat,22,3,127,41218
113,746-1-1,Sabtu,4,4,128,41583
114,747-1-1,Ahad,14,4,129,41948
115,748-1-1,Isnin,25,4,130,42313
116,749-1-1,Rabu,7,5,131,42679
117,750-1-1,Khamis,17,5,132,43044
118,751-1-1,Jumaat,28,5,133,43409
119,752-1-1,Sabtu,9,6,134,43774
120,753-1-1,Isnin,21,6,135,44140
121,754-1-1,Selasa,2,7,136,44505
122,755-1-1,Rabu,13,7,137,44870
123,756-1-1,Khamis,23,7,138,45235
124,757-1-1,Sabtu,5,8,139,45601
125,758-1-1,Ahad,16,8,140,45966
126,759-1-1,Isnin,26,8,141,46331
127,760-1-1,Selasa,7,9,142,46696
128,761-1-1,Khamis,19,9,143,47062
129,762-1-1,Jumaat,30,9,144,47427
130,763-1-1,Sabtu,11,10,145,47792
131,764-1-1,Ahad,22,10,146,48157
132,765-1-1,Selasa,4,11,147,48523
133,766-1-1,Rabu,14,11,148,48888
134,767-1-1,Khamis,25,11,149,49253
135,768-1-1,Jumaat,6,12,150,49618
136,769-1-1,Ahad,17,12,151,49984
137,770-1-1,Isnin,28,12,152,50349
138,771-1-1,Selasa,9,1,154,50714
139,772-1-1,Rabu,20,1,155,51079
140,773-1-1,Jumaat,2,2,156,51445
141,774-1-1,Sabtu,13,2,157,51810
142,775-1-1,Ahad,23,2,158,52175
143,776-1-1,Isnin,4,3,159,52540
144,777-1-1,Rabu,16,3,160,52906
145,778-1-1,Khamis,26,3,161,53271
146,779-1-1,Jumaat,8,4,162,53636
147,780-1-1,Sabtu,19,4,163,54001
148,781-1-1,Isnin,1,5,164,54367
149,782-1-1,Selasa,11,5,165,54732
150,783-1-1,Rabu,22,5,166,55097
151,784-1-1,Khamis,3,6,167,55462
152,785-1-1,Sabtu,14,6,168,55828
153,786-1-1,Ahad,25,6,169,56193
154,787-1-1,Isnin,6,7,170,56558
155,788-1-1,Selasa,17,7,171,56923
156,789-1-1,Khamis,29,7,172,57289
157,790-1-1,Jumaat,10,8,173,57654
158,791-1-1,Sabtu,21,8,174,58019
159,792-1-1,Ahad,2,9,175,58384
160,793-1-1,Selasa,13,9,176,58750
161,794-1-1,Rabu,23,9,177,59115
162,795-1-1,Khamis,4,10,178,59480
163,796-1-1,Jumaat,15,10,179,59845
164,797-1-1,Ahad,27,10,180,60211
165,798-1-1,Isnin,8,11,181,60576
166,799-1-1,Selasa,19,11,182,60941
167,800-1-1,Rabu,30,11,183,61306
168,801-1-1,Jumaat,12,12,184,61672
169,802-1-1,Sabtu,22,12,185,62037
170,803-1-1,Ahad,3,1,187,62402
171,804-1-1,Isnin,13,1,188,62767
172,805-1-1,Rabu,25,1,189,63133
173,806-1-1,Khamis,7,2,190,63498
174,807-1-1,Jumaat,18,2,191,63863
175,808-1-1,Sabtu,28,2,192,64228
176,809-1-1,Isnin,10,3,193,64594
177,810-1-1,Selasa,21,3,194,64959
178,811-1-1,Rabu,2,4,195,65324
179,812-1-1,Khamis,12,4,196,65689
180,813-1-1,Sabtu,24,4,197,66055
181,814-1-1,Ahad,5,5,198,66420
182,815-1-1,Isnin,16,5,199,66785
183,816-1-1,Selasa,27,5,200,67150
184,817-1-1,Khamis,9,6,201,67516
185,818-1-1,Jumaat,19,6,202,67881
186,819-1-1,Sabtu,30,6,203,68246
187,820-1-1,Ahad,11,7,204,68611
188,821-1-1,Selasa,22,7,205,68977
189,822-1-1,Rabu,3,8,206,69342
190,823-1-1,Khamis,14,8,207,69707
191,824-1-1,Jumaat,25,8,208,70072
192,825-1-1,Ahad,7,9,209,70438
193,826-1-1,Isnin,18,9,210,70803
194,827-1-1,Selasa,28,9,211,71168
195,828-1-1,Rabu,9,10,212,71533
196,829-1-1,Jumaat,21,10,213,71899
197,830-1-1,Sabtu,2,11,214,72264
198,831-1-1,Ahad,12,11,215,72629
199,832-1-1,Isnin,23,11,216,72994
200,833-1-1,Rabu,6,12,217,73360
201,834-1-1,Khamis,16,12,218,73725
202,835-1-1,Jumaat,27,12,219,74090
203,836-1-1,Sabtu,8,1,221,74455
204,837-1-1,Isnin,19,1,222,74821
205,838-1-1,Selasa,30,1,223,75186
206,839-1-1,Rabu,11,2,224,75551
207,840-1-1,Khamis,21,2,225,75916
208,841-1-1,Sabtu,4,3,226,76282
209,842-1-1,Ahad,15,3,227,76647
210,843-1-1,Isnin,26,3,228,77012
211,844-1-1,Selasa,7,4,229,77377
212,845-1-1,Khamis,18,4,230,77743
213,846-1-1,Jumaat,28,4,231,78108
214,847-1-1,Sabtu,9,5,232,78473
215,848-1-1,Ahad,20,5,233,78838
216,849-1-1,Selasa,2,6,234,79204
217,850-1-1,Rabu,13,6,235,79569
218,851-1-1,Khamis,24,6,236,79934
219,852-1-1,Jumaat,5,7,237,80299
220,853-1-1,Ahad,17,7,238,80665
221,854-1-1,Isnin,27,7,239,81030
222,855-1-1,Selasa,8,8,240,81395
223,856-1-1,Rabu,18,8,241,81760
224,857-1-1,Jumaat,30,8,242,82126
225,858-1-1,Sabtu,11,9,243,82491
226,859-1-1,Ahad,22,9,244,82856
227,860-1-1,Isnin,3,10,245,83221
228,861-1-1,Rabu,15,10,246,83587
229,862-1-1,Khamis,26,10,247,83952
230,863-1-1,Jumaat,7,11,248,84317
231,864-1-1,Sabtu,17,11,249,84682
232,865-1-1,Isnin,28,11,250,85048
233,866-1-1,Selasa,9,12,251,85413
234,867-1-1,Rabu,20,12,252,85778
235,868-1-1,Khamis,2,1,254,86143
236,869-1-1,Sabtu,14,1,255,86509
237,870-1-1,Ahad,24,1,256,86874
238,871-1-1,Isnin,5,2,257,87239
239,872-1-1,Selasa,16,2,258,87604
240,873-1-1,Khamis,27,2,259,87970
241,874-1-1,Jumaat,8,3,260,88335
242,875-1-1,Sabtu,19,3,261,88700
243,876-1-1,Ahad,29,3,262,89065
244,877-1-1,Selasa,12,4,263,89431
245,878-1-1,Rabu,23,4,264,89796
246,879-1-1,Khamis,4,5,265,90161
247,880-1-1,Jumaat,14,5,266,90526
248,881-1-1,Ahad,26,5,267,90892
249,882-1-1,Isnin,7,6,268,91257
250,883-1-1,Selasa,17,6,269,91622
251,884-1-1,Rabu,28,6,270,91987
252,885-1-1,Jumaat,10,7,271,92353
253,886-1-1,Sabtu,21,7,272,92718
254,887-1-1,Ahad,2,8,273,93083
255,888-1-1,Isnin,13,8,274,93448
256,889-1-1,Rabu,24,8,275,93814
257,890-1-1,Khamis,5,9,276,94179
258,891-1-1,Jumaat,16,9,277,94544
259,892-1-1,Sabtu,26,9,278,94909
260,893-1-1,Isnin,8,10,279,95275
261,894-1-1,Selasa,19,10,280,95640
262,895-1-1,Rabu,30,10,281,96005
263,896-1-1,Khamis,11,11,282,96370
264,897-1-1,Sabtu,23,11,283,96736
265,898-1-1,Ahad,4,12,284,97101
266,899-1-1,Isnin,14,12,285,97466
267,900-1-1,Selasa,25,12,286,97831
268,901-1-1,Khamis,7,1,288,98197
269,902-1-1,Jumaat,17,1,289,98562
270,903-1-1,Sabtu,28,1,290,98927
271,904-1-1,Ahad,10,2,291,99292
272,905-1-1,Selasa,22,2,292,99658
273,906-1-1,Rabu,3,3,293,100023
274,907-1-1,Khamis,13,3,294,100388
275,908-1-1,Jumaat,23,3,295,100753
276,909-1-1,Ahad,5,4,296,101119
277,910-1-1,Isnin,16,4,297,101484
278,911-1-1,Selasa,27,4,298,101849
279,912-1-1,Rabu,8,5,299,102214
280,913-1-1,Jumaat,20,5,300,102580
281,914-1-1,Sabtu,1,6,301,102945
282,915-1-1,Ahad,12,6,302,103310
283,916-1-1,Isnin,22,6,303,103675
284,917-1-1,Rabu,4,7,304,104041
285,918-1-1,Khamis,14,7,305,104406
286,919-1-1,Jumaat,25,7,306,104771
287,920-1-1,Sabtu,6,8,307,105136
288,921-1-1,Isnin,18,8,308,105502
289,922-1-1,Selasa,29,8,309,105867
290,923-1-1,Rabu,10,9,310,106232
291,924-1-1,Khamis,21,9,311,106597
292,925-1-1,Sabtu,3,10,312,106963
293,926-1-1,Ahad,13,10,313,107328
294,927-1-1,Isnin,24,10,314,107693
295,928-1-1,Selasa,5,11,315,108058
296,929-1-1,Khamis,16,11,316,108424
297,930-1-1,Jumaat,27,11,317,108789
298,931-1-1,Sabtu,8,12,318,109154
299,932-1-1,Ahad,19,12,319,109519
300,933-1-1,Selasa,1,1,321,109885
301,934-1-1,Rabu,12,1,322,110250
302,935-1-1,Khamis,22,1,323,110615
303,936-1-1,Jumaat,3,2,324,110980
304,937-1-1,Ahad,15,2,325,111346
305,938-1-1,Isnin,26,2,326,111711
306,939-1-1,Selasa,7,3,327,112076
307,940-1-1,Rabu,18,3,328,112441
308,941-1-1,Jumaat,29,3,329,112807
309,942-1-1,Sabtu,10,4,330,113172
310,943-1-1,Ahad,21,4,331,113537
311,944-1-1,Isnin,2,5,332,113902
312,945-1-1,Rabu,13,5,333,114268
313,946-1-1,Khamis,24,5,334,114633
314,947-1-1,Jumaat,5,6,335,114998
315,948-1-1,Sabtu,16,6,336,115363
316,949-1-1,Isnin,28,6,337,115729
317,950-1-1,Selasa,9,7,338,116094
318,951-1-1,Rabu,19,7,339,116459
319,952-1-1,Khamis,30,7,340,116824
320,953-1-1,Sabtu,12,8,341,117190
321,954-1-1,Ahad,22,8,342,117555
322,955-1-1,Isnin,3,9,343,117920
323,956-1-1,Selasa,14,9,344,118285
324,957-1-1,Khamis,26,9,345,118651
325,958-1-1,Jumaat,7,10,346,119016
326,959-1-1,Sabtu,18,10,347,119381
327,960-1-1,Ahad,28,10,348,119746
328,961-1-1,Selasa,10,11,349,120112
329,962-1-1,Rabu,21,11,350,120477
330,963-1-1,Khamis,2,12,351,120842
331,964-1-1,Jumaat,13,12,352,121207
332,965-1-1,Ahad,25,12,353,121573
333,966-1-1,Isnin,6,1,355,121938
334,967-1-1,Selasa,17,1,356,122303
335,968-1-1,Rabu,27,1,357,122668
336,969-1-1,Jumaat,9,2,358,123034
337,970-1-1,Sabtu,19,2,359,123399
338,971-1-1,Ahad,30,2,360,123764
339,972-1-1,Isnin,11,3,361,124129
340,973-1-1,Rabu,23,3,362,124495
341,974-1-1,Khamis,4,4,363,124860
342,975-1-1,Jumaat,15,4,364,125225
343,976-1-1,Sabtu,26,4,365,125590
344,977-1-1,Isnin,8,5,366,125956
345,978-1-1,Selasa,18,5,367,126321
346,979-1-1,Rabu,28,5,368,126686
347,980-1-1,Khamis,9,6,369,127051
348,981-1-1,Sabtu,21,6,370,127417
349,982-1-1,Ahad,2,7,371,127782
350,983-1-1,Isnin,13,7,372,128147
351,984-1-1,Selasa,24,7,373,128512
352,985-1-1,Khamis,6,8,374,128878
353,986-1-1,Jumaat,17,8,375,129243
354,987-1-1,Sabtu,27,8,376,129608
355,988-1-1,Ahad,8,9,377,129973
356,989-1-1,Selasa,19,9,378,130339
357,990-1-1,Rabu,1,10,379,130704
358,991-1-1,Khamis,11,10,380,131069
359,992-1-1,Jumaat,22,10,381,131434
360,993-1-1,Ahad,5,11,382,131800
361,994-1-1,Isnin,15,11,383,132165
362,995-1-1,Selasa,26,11,384,132530
363,996-1-1,Rabu,7,12,385,132895
364,997-1-1,Jumaat,18,12,386,133261
365,998-1-1,Sabtu,29,12,387,133626
366,999-1-1,Ahad,10,1,389,133991
367,1000-1-1,Isnin,21,1,390,134356
368,1001-1-1,Rabu,3,2,391,134722
369,1002-1-1,Khamis,14,2,392,135087
370,1003-1-1,Jumaat,25,2,393,135452
371,1004-1-1,Sabtu,5,3,394,135817
372,1005-1-1,Isnin,17,3,395,136183
373,1006-1-1,Selasa,27,3,396,136548
374,1007-1-1,Rabu,8,4,397,136913
375,1008-1-1,Khamis,19,4,398,137278
376,1009-1-1,Sabtu,1,5,399,137644
377,1010-1-1,Ahad,12,5,400,138009
378,1011-1-1,Isnin,23,5,401,138374
379,1012-1-1,Selasa,4,6,402,138739
380,1013-1-1,Khamis,16,6,403,139105
381,1014-1-1,Jumaat,26,6,404,139470
382,1015-1-1,Sabtu,7,7,405,139835
383,1016-1-1,Ahad,17,7,406,140200
384,1017-1-1,Selasa,29,7,407,140566
385,1018-1-1,Rabu,10,8,408,140931
386,1019-1-1,Khamis,21,8,409,141296
387,1020-1-1,Jumaat,3,9,410,141661
388,1021-1-1,Ahad,14,9,411,142027
389,1022-1-1,Isnin,25,9,412,142392
390,1023-1-1,Selasa,5,10,413,142757
391,1024-1-1,Rabu,16,10,414,143122
392,1025-1-1,Jumaat,27,10,415,143488
393,1026-1-1,Sabtu,8,11,416,143853
394,1027-1-1,Ahad,19,11,417,144218
395,1028-1-1,Isnin,1,12,418,144583
396,1029-1-1,Rabu,13,12,419,144949
397,1030-1-1,Khamis,23,12,420,145314
398,1031-1-1,Jumaat,4,1,422,145679
399,1032-1-1,Sabtu,14,1,423,146044
400,1033-1-1,Isnin,26,1,424,146410
401,1034-1-1,Selasa,7,2,425,146775
402,1035-1-1,Rabu,18,2,426,147140
403,1036-1-1,Khamis,29,2,427,147505
404,1037-1-1,Sabtu,11,3,428,147871
405,1038-1-1,Ahad,22,3,429,148236
406,1039-1-1,Isnin,3,4,430,148601
407,1040-1-1,Selasa,13,4,431,148966
408,1041-1-1,Khamis,25,4,432,149332
409,1042-1-1,Jumaat,5,5,433,149697
410,1043-1-1,Sabtu,16,5,434,150062
411,1044-1-1,Ahad,27,5,435,150427
412,1045-1-1,Selasa,9,6,436,150793
413,1046-1-1,Rabu,20,6,437,151158
414,1047-1-1,Khamis,1,7,438,151523
415,1048-1-1,Jumaat,12,7,439,151888
416,1049-1-1,Ahad,23,7,440,152254
417,1050-1-1,Isnin,4,8,441,152619
418,1051-1-1,Selasa,14,8,442,152984
419,1052-1-1,Rabu,25,8,443,153349
420,1053-1-1,Jumaat,7,9,444,153715
421,1054-1-1,Sabtu,18,9,445,154080
422,1055-1-1,Ahad,29,9,446,154445
423,1056-1-1,Isnin,10,10,447,154810
424,1057-1-1,Rabu,22,10,448,155176
425,1058-1-1,Khamis,3,11,449,155541
426,1059-1-1,Jumaat,13,11,450,155906
427,1060-1-1,Sabtu,24,11,451,156271
428,1061-1-1,Isnin,6,12,452,156637
429,1062-1-1,Selasa,16,12,453,157002
430,1063-1-1,Rabu,28,12,454,157367
431,1064-1-1,Khamis,9,1,456,157732
432,1065-1-1,Sabtu,21,1,457,158098
433,1066-1-1,Ahad,2,2,458,158463
434,1067-1-1,Isnin,12,2,459,158828
435,1068-1-1,Selasa,22,2,460,159193
436,1069-1-1,Khamis,4,3,461,159559
437,1070-1-1,Jumaat,15,3,462,159924
438,1071-1-1,Sabtu,26,3,463,160289
439,1072-1-1,Ahad,7,4,464,160654
440,1073-1-1,Selasa,19,4,465,161020
441,1074-1-1,Rabu,30,4,466,161385
442,1075-1-1,Khamis,11,5,467,161750
443,1076-1-1,Jumaat,21,5,468,162115
444,1077-1-1,Ahad,3,6,469,162481
445,1078-1-1,Isnin,13,6,470,162846
446,1079-1-1,Selasa,24,6,471,163211
447,1080-1-1,Rabu,5,7,472,163576
448,1081-1-1,Jumaat,17,7,473,163942
449,1082-1-1,Sabtu,28,7,474,164307
450,1083-1-1,Ahad,9,8,475,164672
451,1084-1-1,Isnin,20,8,476,165037
452,1085-1-1,Rabu,2,9,477,165403
453,1086-1-1,Khamis,12,9,478,165768
454,1087-1-1,Jumaat,22,9,479,166133
455,1088-1-1,Sabtu,3,10,480,166498
456,1089-1-1,Isnin,15,10,481,166864
457,1090-1-1,Selasa,26,10,482,167229
458,1091-1-1,Rabu,8,11,483,167594
459,1092-1-1,Khamis,18,11,484,167959
460,1093-1-1,Sabtu,30,11,485,168325
461,1094-1-1,Ahad,11,12,486,168690
462,1095-1-1,Isnin,21,12,487,169055
463,1096-1-1,Selasa,2,1,489,169420
464,1097-1-1,Khamis,14,1,490,169786
465,1098-1-1,Jumaat,25,1,491,170151
466,1099-1-1,Sabtu,6,2,492,170516
467,1100-1-1,Ahad,17,2,493,170881
468,1101-1-1,Selasa,28,2,494,171247
469,1102-1-1,Rabu,9,3,495,171612
470,1103-1-1,Khamis,20,3,496,171977
471,1104-1-1,Jumaat,1,4,497,172342
472,1105-1-1,Ahad,12,4,498,172708
473,1106-1-1,Isnin,23,4,499,173073
474,1107-1-1,Selasa,4,5,500,173438
475,1108-1-1,Rabu,15,5,501,173803
476,1109-1-1,Jumaat,27,5,502,174169
477,1110-1-1,Sabtu,8,6,503,174534
478,1111-1-1,Ahad,18,6,504,174899
479,1112-1-1,Isnin,29,6,505,175264
480,1113-1-1,Rabu,11,7,506,175630
481,1114-1-1,Khamis,21,7,507,175995
482,1115-1-1,Jumaat,2,8,508,176360
483,1116-1-1,Sabtu,13,8,509,176725
484,1117-1-1,Isnin,25,8,510,177091
485,1118-1-1,Selasa,6,9,511,177456
486,1119-1-1,Rabu,17,9,512,177821
487,1120-1-1,Khamis,27,9,513,178186
488,1121-1-1,Sabtu,9,10,514,178552
489,1122-1-1,Ahad,20,10,515,178917
490,1123-1-1,Isnin,1,11,516,179282
491,1124-1-1,Selasa,12,11,517,179647
492,1125-1-1,Khamis,24,11,518,180013
493,1126-1-1,Jumaat,5,12,519,180378
494,1127-1-1,Sabtu,15,12,520,180743
495,1128-1-1,Ahad,26,12,521,181108
496,1129-1-1,Selasa,8,1,523,181474
497,1130-1-1,Rabu,18,1,524,181839
498,1131-1-1,Khamis,29,1,525,182204
499,1132-1-1,Jumaat,10,2,526,182569
500,1133-1-1,Ahad,22,2,527,182935
501,1134-1-1,Isnin,3,3,528,183300
502,1135-1-1,Selasa,14,3,529,183665
503,1136-1-1,Rabu,25,3,530,184030
504,1137-1-1,Jumaat,7,4,531,184396
505,1138-1-1,Sabtu,17,4,532,184761
506,1139-1-1,Ahad,27,4,533,185126
507,1140-1-1,Isnin,8,5,534,185491
508,1141-1-1,Rabu,20,5,535,185857
509,1142-1-1,Khamis,1,6,536,186222
510,1143-1-1,Jumaat,12,6,537,186587
511,1144-1-1,Sabtu,23,6,538,186952
512,1145-1-1,Isnin,5,7,539,187318
513,1146-1-1,Selasa,16,7,540,187683
514,1147-1-1,Rabu,26,7,541,188048
515,1148-1-1,Khamis,7,8,542,188413
516,1149-1-1,Sabtu,19,8,543,188779
517,1150-1-1,Ahad,29,8,544,189144
518,1151-1-1,Isnin,11,9,545,189509
519,1152-1-1,Selasa,22,9,546,189874
520,1153-1-1,Khamis,4,10,547,190240
521,1154-1-1,Jumaat,14,10,548,190605
522,1155-1-1,Sabtu,25,10,549,190970
523,1156-1-1,Ahad,6,11,550,191335
524,1157-1-1,Selasa,17,11,551,191701
525,1158-1-1,Rabu,28,11,552,192066
526,1159-1-1,Khamis,9,12,553,192431
527,1160-1-1,Jumaat,20,12,554,192796
528,1161-1-1,Ahad,2,1,556,193162
529,1162-1-1,Isnin,13,1,557,193527
530,1163-1-1,Selasa,23,1,558,193892
531,1164-1-1,Rabu,4,2,559,194257
532,1165-1-1,Jumaat,16,2,560,194623
533,1166-1-1,Sabtu,26,2,561,194988
534,1167-1-1,Ahad,7,3,562,195353
535,1168-1-1,Isnin,18,3,563,195718
536,1169-1-1,Rabu,30,3,564,196084
537,1170-1-1,Khamis,11,4,565,196449
538,1171-1-1,Jumaat,22,4,566,196814
539,1172-1-1,Sabtu,3,5,567,197179
540,1173-1-1,Isnin,14,5,568,197545
541,1174-1-1,Selasa,25,5,569,197910
542,1175-1-1,Rabu,6,6,570,198275
543,1176-1-1,Khamis,16,6,571,198640
544,1177-1-1,Sabtu,28,6,572,199006
545,1178-1-1,Ahad,10,7,573,199371
546,1179-1-1,Isnin,20,7,574,199736
547,1180-1-1,Selasa,1,8,575,200101
548,1181-1-1,Khamis,13,8,576,200467
549,1182-1-1,Jumaat,23,8,577,200832
550,1183-1-1,Sabtu,4,9,578,201197
551,1184-1-1,Ahad,15,9,579,201562
552,1185-1-1,Selasa,26,9,580,201928
553,1186-1-1,Rabu,8,10,581,202293
554,1187-1-1,Khamis,19,10,582,202658
555,1188-1-1,Jumaat,30,10,583,203023
556,1189-1-1,Ahad,12,11,584,203389
557,1190-1-1,Isnin,22,11,585,203754
558,1191-1-1,Selasa,3,12,586,204119
559,1192-1-1,Rabu,13,12,587,204484
560,1193-1-1,Jumaat,25,12,588,204850
561,1194-1-1,Sabtu,6,1,590,205215
562,1195-1-1,Ahad,17,1,591,205580
563,1196-1-1,Isnin,28,1,592,205945
564,1197-1-1,Rabu,10,2,593,206311
565,1198-1-1,Khamis,21,2,594,206676
566,1199-1-1,Jumaat,2,3,595,207041
567,1200-1-1,Sabtu,12,3,596,207406
568,1201-1-1,Isnin,23,3,597,207772
569,1202-1-1,Selasa,4,4,598,208137
570,1203-1-1,Rabu,15,4,599,208502
571,1204-1-1,Khamis,26,4,600,208867
572,1205-1-1,Sabtu,8,5,601,209233
573,1206-1-1,Ahad,19,5,602,209598
574,1207-1-1,Isnin,30,5,603,209963
575,1208-1-1,Selasa,11,6,604,210328
576,1209-1-1,Khamis,22,6,605,210694
577,1210-1-1,Jumaat,3,7,606,211059
578,1211-1-1,Sabtu,13,7,607,211424
579,1212-1-1,Ahad,24,7,608,211789
580,1213-1-1,Selasa,7,8,609,212155
581,1214-1-1,Rabu,18,8,610,212520
582,1215-1-1,Khamis,28,8,611,212885
583,1216-1-1,Jumaat,9,9,612,213250
584,1217-1-1,Ahad,21,9,613,213616
585,1218-1-1,Isnin,2,10,614,213981
586,1219-1-1,Selasa,12,10,615,214346
587,1220-1-1,Rabu,23,10,616,214711
588,1221-1-1,Jumaat,5,11,617,215077
589,1222-1-1,Sabtu,16,11,618,215442
590,1223-1-1,Ahad,27,11,619,215807
591,1224-1-1,Isnin,8,12,620,216172
592,1225-1-1,Rabu,19,12,621,216538
593,1226-1-1,Khamis,30,12,622,216903
594,1227-1-1,Jumaat,11,1,624,217268
595,1228-1-1,Sabtu,21,1,625,217633
596,1229-1-1,Isnin,3,2,626,217999
597,1230-1-1,Selasa,14,2,627,218364
598,1231-1-1,Rabu,25,2,628,218729
599,1232-1-1,Khamis,6,3,629,219094
600,1233-1-1,Sabtu,18,3,630,219460
601,1234-1-1,Ahad,29,3,631,219825
602,1235-1-1,Isnin,9,4,632,220190
603,1236-1-1,Selasa,20,4,633,220555
604,1237-1-1,Khamis,2,5,634,220921
605,1238-1-1,Jumaat,12,5,635,221286
606,1239-1-1,Sabtu,23,5,636,221651
607,1240-1-1,Ahad,4,6,637,222016
608,1241-1-1,Selasa,16,6,638,222382
609,1242-1-1,Rabu,27,6,639,222747
610,1243-1-1,Khamis,8,7,640,223112
611,1244-1-1,Jumaat,18,7,641,223477
612,1245-1-1,Ahad,30,7,642,223843
613,1246-1-1,Isnin,11,8,643,224208
614,1247-1-1,Selasa,21,8,644,224573
615,1248-1-1,Rabu,3,9,645,224938
616,1249-1-1,Jumaat,15,9,646,225304
617,1250-1-1,Sabtu,26,9,647,225669
618,1251-1-1,Ahad,7,10,648,226034
619,1252-1-1,Isnin,17,10,649,226399
620,1253-1-1,Rabu,29,10,650,226765
621,1254-1-1,Khamis,9,11,651,227130
622,1255-1-1,Jumaat,20,11,652,227495
623,1256-1-1,Sabtu,1,12,653,227860
624,1257-1-1,Isnin,13,12,654,228226
625,1258-1-1,Selasa,24,12,655,228591
626,1259-1-1,Rabu,5,1,657,228956
627,1260-1-1,Khamis,16,1,658,229321
628,1261-1-1,Sabtu,27,1,659,229687
629,1262-1-1,Ahad,8,2,660,230052
630,1263-1-1,Isnin,18,2,661,230417
631,1264-1-1,Selasa,29,2,662,230782
632,1265-1-1,Khamis,11,3,663,231148
633,1266-1-1,Jumaat,22,3,664,231513
634,1267-1-1,Sabtu,3,4,665,231878
635,1268-1-1,Ahad,14,4,666,232243
636,1269-1-1,Selasa,26,4,667,232609
637,1270-1-1,Rabu,7,5,668,232974
638,1271-1-1,Khamis,17,5,669,233339
639,1272-1-1,Jumaat,28,5,670,233704
640,1273-1-1,Ahad,9,6,671,234070
641,1274-1-1,Isnin,20,6,672,234435
642,1275-1-1,Selasa,1,7,673,234800
643,1276-1-1,Rabu,12,7,674,235165
644,1277-1-1,Jumaat,24,7,675,235531
645,1278-1-1,Sabtu,5,8,676,235896
646,1279-1-1,Ahad,16,8,677,236261
647,1280-1-1,Isnin,26,8,678,236626
648,1281-1-1,Rabu,8,9,679,236992
649,1282-1-1,Khamis,19,9,680,237357
650,1283-1-1,Jumaat,30,9,681,237722
651,1284-1-1,Sabtu,11,10,682,238087
652,1285-1-1,Isnin,23,10,683,238453
653,1286-1-1,Selasa,4,11,684,238818
654,1287-1-1,Rabu,14,11,685,239183
655,1288-1-1,Khamis,25,11,686,239548
656,1289-1-1,Sabtu,7,12,687,239914
657,1290-1-1,Ahad,17,12,688,240279
658,1291-1-1,Isnin,28,12,689,240644
659,1292-1-1,Selasa,9,1,691,241009
660,1293-1-1,Khamis,21,1,692,241375
661,1294-1-1,Jumaat,2,2,693,241740
662,1295-1-1,Sabtu,13,2,694,242105
663,1296-1-1,Ahad,23,2,695,242470
664,1297-1-1,Selasa,5,3,696,242836
665,1298-1-1,Rabu,16,3,697,243201
666,1299-1-1,Khamis,26,3,698,243566
667,1300-1-1,Jumaat,7,4,699,243931
668,1301-1-1,Ahad,19,4,700,244297
669,1302-1-1,Isnin,30,4,701,244662
670,1303-1-1,Selasa,11,5,702,245027
671,1304-1-1,Rabu,22,5,703,245392
672,1305-1-1,Jumaat,4,6,704,245758
673,1306-1-1,Sabtu,14,6,705,246123
674,1307-1-1,Ahad,25,6,706,246488
675,1308-1-1,Isnin,6,7,707,246853
676,1309-1-1,Rabu,18,7,708,247219
677,1310-1-1,Khamis,29,7,709,247584
678,1311-1-1,Jumaat,10,8,710,247949
679,1312-1-1,Sabtu,21,8,711,248314
680,1313-1-1,Isnin,3,9,712,248680
681,1314-1-1,Selasa,13,9,713,249045
682,1315-1-1,Rabu,23,9,714,249410
683,1316-1-1,Khamis,4,10,715,249775
684,1317-1-1,Sabtu,16,10,716,250141
685,1318-1-1,Ahad,27,10,717,250506
686,1319-1-1,Isnin,8,11,718,250871
687,1320-1-1,Selasa,19,11,719,251236
688,1321-1-1,Khamis,1,12,720,251602
689,1322-1-1,Jumaat,12,12,721,251967
690,1323-1-1,Sabtu,22,12,722,252332
691,1324-1-1,Ahad,3,1,724,252697
692,1325-1-1,Selasa,14,1,725,253063
693,1326-1-1,Rabu,25,1,726,253428
694,1327-1-1,Khamis,6,2,727,253793
695,1328-1-1,Jumaat,17,2,728,254158
696,1329-1-1,Ahad,29,2,729,254524
697,1330-1-1,Isnin,10,3,730,254889
698,1331-1-1,Selasa,21,3,731,255254
699,1332-1-1,Rabu,2,4,732,255619
700,1333-1-1,Jumaat,13,4,733,255985
701,1334-1-1,Sabtu,23,4,734,256350
702,1335-1-1,Ahad,5,5,735,256715
703,1336-1-1,Isnin,15,5,736,257080
704,1337-1-1,Rabu,27,5,737,257446
705,1338-1-1,Khamis,9,6,738,257811
706,1339-1-1,Jumaat,19,6,739,258176
707,1340-1-1,Sabtu,30,6,740,258541
708,1341-1-1,Isnin,12,7,741,258907
709,1342-1-1,Selasa,22,7,742,259272
710,1343-1-1,Rabu,3,8,743,259637
711,1344-1-1,Khamis,14,8,744,260002
712,1345-1-1,Sabtu,26,8,745,260368
713,1346-1-1,Ahad,7,9,746,260733
714,1347-1-1,Isnin,18,9,747,261098
715,1348-1-1,Selasa,29,9,748,261463
716,1349-1-1,Khamis,10,10,749,261829
717,1350-1-1,Jumaat,21,10,750,262194
718,1351-1-1,Sabtu,2,11,751,262559
719,1352-1-1,Ahad,12,11,752,262924
720,1353-1-1,Selasa,24,11,753,263290
721,1354-1-1,Rabu,5,12,754,263655
722,1355-1-1,Khamis,16,12,755,264020
723,1356-1-1,Jumaat,27,12,756,264385
724,1357-1-1,Ahad,9,1,758,264751
725,1358-1-1,Isnin,19,1,759,265116
726,1359-1-1,Selasa,30,1,760,265481
727,1360-1-1,Rabu,11,2,761,265846
728,1361-1-1,Jumaat,22,2,762,266212
729,1362-1-1,Sabtu,3,3,763,266577
730,1363-1-1,Ahad,14,3,764,266942
731,1364-1-1,Isnin,25,3,765,267307
732,1365-1-1,Rabu,7,4,766,267673
733,1366-1-1,Khamis,18,4,767,268038
734,1367-1-1,Jumaat,29,4,768,268403
735,1368-1-1,Sabtu,9,5,769,268768
736,1369-1-1,Isnin,21,5,770,269134
737,1370-1-1,Selasa,2,6,771,269499
738,1371-1-1,Rabu,13,6,772,269864
739,1372-1-1,Khamis,24,6,773,270229
740,1373-1-1,Sabtu,6,7,774,270595
741,1374-1-1,Ahad,17,7,775,270960
742,1375-1-1,Isnin,27,7,776,271325
743,1376-1-1,Selasa,8,8,777,271690
744,1377-1-1,Khamis,19,8,778,272056
745,1378-1-1,Jumaat,30,8,779,272421
746,1379-1-1,Sabtu,11,9,780,272786
747,1380-1-1,Ahad,22,9,781,273151
748,1381-1-1,Selasa,4,10,782,273517
749,1382-1-1,Rabu,15,10,783,273882
750,1383-1-1,Khamis,26,10,784,274247
751,1384-1-1,Jumaat,7,11,785,274612
752,1385-1-1,Ahad,18,11,786,274978
753,1386-1-1,Isnin,29,11,787,275343
754,1387-1-1,Selasa,9,12,788,275708
755,1388-1-1,Rabu,20,12,789,276073
756,1389-1-1,Jumaat,2,1,791,276439
757,1390-1-1,Sabtu,13,1,792,276804
758,1391-1-1,Ahad,24,1,793,277169
759,1392-1-1,Isnin,5,2,794,277534
760,1393-1-1,Rabu,17,2,795,277900
761,1394-1-1,Khamis,27,2,796,278265
762,1395-1-1,Jumaat,8,3,797,278630
763,1396-1-1,Sabtu,18,3,798,278995
764,1397-1-1,Isnin,30,3,799,279361
765,1398-1-1,Selasa,11,4,800,279726
766,1399-1-1,Rabu,22,4,801,280091
767,1400-1-1,Khamis,4,5,802,280456
768,1401-1-1,Sabtu,15,5,803,280822
769,1402-1-1,Ahad,26,5,804,281187
770,1403-1-1,Isnin,7,6,805,281552
771,1404-1-1,Selasa,17,6,806,281917
772,1405-1-1,Khamis,29,6,807,282283
773,1406-1-1,Jumaat,10,7,808,282648
774,1407-1-1,Sabtu,20,7,809,283013
775,1408-1-1,Ahad,2,8,810,283378
776,1409-1-1,Selasa,14,8,811,283744
777,1410-1-1,Rabu,25,8,812,284109
778,1411-1-1,Khamis,6,9,813,284474
779,1412-1-1,Jumaat,16,9,814,284839
780,1413-1-1,Ahad,27,9,815,285205
781,1414-1-1,Isnin,8,10,816,285570
782,1415-1-1,Selasa,19,10,817,285935
783,1416-1-1,Rabu,30,10,818,286300
784,1417-1-1,Jumaat,12,11,819,286666
785,1418-1-1,Sabtu,23,11,820,287031
786,1419-1-1,Ahad,4,12,821,287396
787,1420-1-1,Isnin,15,12,822,287761
788,1421-1-1,Rabu,26,12,823,288127
789,1422-1-1,Khamis,7,1,825,288492
790,1423-1-1,Jumaat,17,1,826,288857
791,1424-1-1,Sabtu,28,1,827,289222
792,1425-1-1,Isnin,10,2,828,289588
793,1426-1-1,Selasa,21,2,829,289953
794,1427-1-1,Rabu,3,3,830,290318
795,1428-1-1,Khamis,13,3,831,290683
796,1429-1-1,Sabtu,25,3,832,291049
797,1430-1-1,Ahad,6,4,833,291414
798,1431-1-1,Isnin,16,4,834,291779
799,1432-1-1,Selasa,26,4,835,292144
800,1433-1-1,Khamis,8,5,836,292510
801,1434-1-1,Jumaat,19,5,837,292875
802,1435-1-1,Sabtu,1,6,838,293240
803,1436-1-1,Ahad,12,6,839,293605
804,1437-1-1,Selasa,23,6,840,293971
805,1438-1-1,Rabu,4,7,841,294336
806,1439-1-1,Khamis,15,7,842,294701
807,1440-1-1,Jumaat,25,7,843,295066
808,1441-1-1,Ahad,7,8,844,295432
809,1442-1-1,Isnin,18,8,845,295797
810,1443-1-1,Selasa,29,8,846,296162
811,1444-1-1,Rabu,10,9,847,296527
812,1445-1-1,Jumaat,22,9,848,296893
813,1446-1-1,Sabtu,3,10,849,297258
814,1447-1-1,Ahad,13,10,850,297623
815,1448-1-1,Isnin,24,10,851,297988
816,1449-1-1,Rabu,6,11,852,298354
817,1450-1-1,Khamis,16,11,853,298719
818,1451-1-1,Jumaat,27,11,854,299084
819,1452-1-1,Sabtu,8,12,855,299449
820,1453-1-1,Isnin,20,12,856,299815
821,1454-1-1,Selasa,1,1,858,300180
822,1455-1-1,Rabu,12,1,859,300545
823,1456-1-1,Khamis,22,1,860,300910
824,1457-1-1,Sabtu,4,2,861,301276
825,1458-1-1,Ahad,15,2,862,301641
826,1459-1-1,Isnin,25,2,863,302006
827,1460-1-1,Selasa,6,3,864,302371
828,1461-1-1,Khamis,18,3,865,302737
829,1462-1-1,Jumaat,29,3,866,303102
830,1463-1-1,Sabtu,10,4,867,303467
831,1464-1-1,Ahad,21,4,868,303832
832,1465-1-1,Selasa,3,5,869,304198
833,1466-1-1,Rabu,13,5,870,304563
834,1467-1-1,Khamis,24,5,871,304928
835,1468-1-1,Jumaat,5,6,872,305293
836,1469-1-1,Ahad,17,6,873,305659
837,1470-1-1,Isnin,28,6,874,306024
838,1471-1-1,Selasa,9,7,875,306389
839,1472-1-1,Rabu,19,7,876,306754
840,1473-1-1,Jumaat,2,8,877,307120
841,1474-1-1,Sabtu,12,8,878,307485
842,1475-1-1,Ahad,22,8,879,307850
843,1476-1-1,Isnin,3,9,880,308215
844,1477-1-1,Rabu,15,9,881,308581
845,1478-1-1,Khamis,26,9,882,308946
846,1479-1-1,Jumaat,7,10,883,309311
847,1480-1-1,Sabtu,18,10,884,309676
848,1481-1-1,Isnin,30,10,885,310042
849,1482-1-1,Selasa,11,11,886,310407
850,1483-1-1,Rabu,21,11,887,310772
851,1484-1-1,Khamis,2,12,888,311137
852,1485-1-1,Sabtu,13,12,889,311503
853,1486-1-1,Ahad,24,12,890,311868
854,1487-1-1,Isnin,5,1,892,312233
855,1488-1-1,Selasa,16,1,893,312598
856,1489-1-1,Khamis,28,1,894,312964
857,1490-1-1,Jumaat,9,2,895,313329
858,1491-1-1,Sabtu,20,2,896,313694
859,1492-1-1,Ahad,1,3,897,314059
860,1493-1-1,Selasa,12,3,898,314425
861,1494-1-1,Rabu,23,3,899,314790
862,1495-1-1,Khamis,4,4,900,315155
863,1496-1-1,Jumaat,15,4,901,315520
864,1497-1-1,Ahad,27,4,902,315886
865,1498-1-1,Isnin,8,5,903,316251
866,1499-1-1,Selasa,18,5,904,316616
867,1500-1-1,Rabu,29,5,905,316981
868,1501-1-1,Jumaat,11,6,906,317347
869,1502-1-1,Sabtu,21,6,907,317712
870,1503-1-1,Ahad,2,7,908,318077
871,1504-1-1,Isnin,13,7,909,318442
872,1505-1-1,Rabu,25,7,910,318808
873,1506-1-1,Khamis,6,8,911,319173
874,1507-1-1,Jumaat,17,8,912,319538
875,1508-1-1,Sabtu,27,8,913,319903
876,1509-1-1,Isnin,9,9,914,320269
877,1510-1-1,Selasa,20,9,915,320634
878,1511-1-1,Rabu,1,10,916,320999
879,1512-1-1,Khamis,11,10,917,321364
880,1513-1-1,Sabtu,23,10,918,321730
881,1514-1-1,Ahad,4,11,919,322095
882,1515-1-1,Isnin,15,11,920,322460
883,1516-1-1,Selasa,26,11,921,322825
884,1517-1-1,Khamis,8,12,922,323191
885,1518-1-1,Jumaat,18,12,923,323556
886,1519-1-1,Sabtu,29,12,924,323921
887,1520-1-1,Ahad,10,1,926,324286
888,1521-1-1,Selasa,21,1,927,324652
889,1522-1-1,Rabu,2,2,928,325017
890,1523-1-1,Khamis,14,2,929,325382
891,1524-1-1,Jumaat,24,2,930,325747
892,1525-1-1,Ahad,6,3,931,326113
893,1526-1-1,Isnin,17,3,932,326478
894,1527-1-1,Selasa,27,3,933,326843
895,1528-1-1,Rabu,8,4,934,327208
896,1529-1-1,Jumaat,20,4,935,327574
897,1530-1-1,Sabtu,1,5,936,327939
898,1531-1-1,Ahad,12,5,937,328304
899,1532-1-1,Isnin,23,5,938,328669
900,1533-1-1,Rabu,5,6,939,329035
901,1534-1-1,Khamis,16,6,940,329400
902,1535-1-1,Jumaat,26,6,941,329765
903,1536-1-1,Sabtu,7,7,942,330130
904,1537-1-1,Isnin,18,7,943,330496
905,1538-1-1,Selasa,29,7,944,330861
906,1539-1-1,Rabu,10,8,945,331226
907,1540-1-1,Khamis,21,8,946,331591
908,1541-1-1,Sabtu,3,9,947,331957
909,1542-1-1,Ahad,14,9,948,332322
910,1543-1-1,Isnin,25,9,949,332687
911,1544-1-1,Selasa,6,10,950,333052
912,1545-1-1,Khamis,17,10,951,333418
913,1546-1-1,Jumaat,27,10,952,333783
914,1547-1-1,Sabtu,8,11,953,334148
915,1548-1-1,Ahad,19,11,954,334513
916,1549-1-1,Selasa,1,12,955,334879
917,1550-1-1,Rabu,12,12,956,335244
918,1551-1-1,Khamis,23,12,957,335609
919,1552-1-1,Jumaat,4,1,959,335974
920,1553-1-1,Ahad,16,1,960,336340
921,1554-1-1,Isnin,26,1,961,336705
922,1555-1-1,Selasa,7,2,962,337070
923,1556-1-1,Rabu,17,2,963,337435
924,1557-1-1,Jumaat,29,2,964,337801
925,1558-1-1,Sabtu,11,3,965,338166
926,1559-1-1,Ahad,22,3,966,338531
927,1560-1-1,Isnin,3,4,967,338896
928,1561-1-1,Rabu,14,4,968,339262
929,1562-1-1,Khamis,25,4,969,339627
930,1563-1-1,Jumaat,6,5,970,339992
931,1564-1-1,Sabtu,16,5,971,340357
932,1565-1-1,Isnin,28,5,972,340723
933,1566-1-1,Selasa,9,6,973,341088
934,1567-1-1,Rabu,20,6,974,341453
935,1568-1-1,Khamis,1,7,975,341818
936,1569-1-1,Sabtu,13,7,976,342184
937,1570-1-1,Ahad,23,7,977,342549
938,1571-1-1,Isnin,4,8,978,342914
939,1572-1-1,Selasa,15,8,979,343279
940,1573-1-1,Khamis,26,8,980,343645
941,1574-1-1,Jumaat,7,9,981,344010
942,1575-1-1,Sabtu,18,9,982,344375
943,1576-1-1,Ahad,29,9,983,344740
944,1577-1-1,Selasa,11,10,984,345106
945,1578-1-1,Rabu,22,10,985,345471
946,1579-1-1,Khamis,3,11,986,345836
947,1580-1-1,Jumaat,13,11,987,346201
948,1581-1-1,Ahad,25,11,988,346567
949,1582-1-1,Isnin,6,12,989,346932
950,1583-1-1,Sabtu,6,12,990,347287
951,1584-1-1,Ahad,17,12,991,347652
952,1585-1-1,Selasa,29,12,992,348018
953,1586-1-1,Rabu,10,1,994,348383
954,1587-1-1,Khamis,21,1,995,348748
955,1588-1-1,Jumaat,2,2,996,349113
956,1589-1-1,Ahad,13,2,997,349479
957,1590-1-1,Isnin,24,2,998,349844
958,1591-1-1,Selasa,5,3,999,350209
959,1592-1-1,Rabu,15,3,1000,350574
960,1593-1-1,Jumaat,27,3,1001,350940
961,1594-1-1,Sabtu,9,4,1002,351305
962,1595-1-1,Ahad,20,4,1003,351670
963,1596-1-1,Isnin,1,5,1004,352035
964,1597-1-1,Rabu,12,5,1005,352401
965,1598-1-1,Khamis,22,5,1006,352766
966,1599-1-1,Jumaat,3,6,1007,353131
967,1600-1-1,Sabtu,14,6,1008,353496
968,1601-1-1,Isnin,26,6,1009,353862
969,1602-1-1,Selasa,7,7,1010,354227
970,1603-1-1,Rabu,18,7,1011,354592
971,1604-1-1,Khamis,29,7,1012,354957
972,1605-1-1,Sabtu,11,8,1013,355323
973,1606-1-1,Ahad,21,8,1014,355688
974,1607-1-1,Isnin,2,9,1015,356053
975,1608-1-1,Selasa,12,9,1016,356418
976,1609-1-1,Khamis,24,9,1017,356784
977,1610-1-1,Jumaat,5,10,1018,357149
978,1611-1-1,Sabtu,16,10,1019,357514
979,1612-1-1,Ahad,27,10,1020,357879
980,1613-1-1,Selasa,9,11,1021,358245
981,1614-1-1,Rabu,20,11,1022,358610
982,1615-1-1,Khamis,1,12,1023,358975
983,1616-1-1,Jumaat,11,12,1024,359340
984,1617-1-1,Ahad,23,12,1025,359706
985,1618-1-1,Isnin,3,1,1027,360071
986,1619-1-1,Selasa,14,1,1028,360436
987,1620-1-1,Rabu,25,1,1029,360801
988,1621-1-1,Jumaat,7,2,1030,361167
989,1622-1-1,Sabtu,18,2,1031,361532
990,1623-1-1,Ahad,29,2,1032,361897
991,1624-1-1,Isnin,10,3,1033,362262
992,1625-1-1,Rabu,21,3,1034,362628
993,1626-1-1,Khamis,2,4,1035,362993
994,1627-1-1,Jumaat,13,4,1036,363358
995,1628-1-1,Sabtu,24,4,1037,363723
996,1629-1-1,Isnin,6,5,1038,364089
997,1630-1-1,Selasa,17,5,1039,364454
998,1631-1-1,Rabu,27,5,1040,364819
999,1632-1-1,Khamis,8,6,1041,365184
1000,1633-1-1,Sabtu,20,6,1042,365550
1001,1634-1-1,Ahad,1,7,1043,365915
1002,1635-1-1,Isnin,11,7,1044,366280
1003,1636-1-1,Selasa,22,7,1045,366645
1004,1637-1-1,Khamis,4,8,1046,367011
1005,1638-1-1,Jumaat,15,8,1047,367376
1006,1639-1-1,Sabtu,26,8,1048,367741
1007,1640-1-1,Ahad,7,9,1049,368106
1008,1641-1-1,Selasa,18,9,1050,368472
1009,1642-1-1,Rabu,29,9,1051,368837
1010,1643-1-1,Khamis,10,10,1052,369202
1011,1644-1-1,Jumaat,20,10,1053,369567
1012,1645-1-1,Ahad,2,11,1054,369933
1013,1646-1-1,Isnin,13,11,1055,370298
1014,1647-1-1,Selasa,24,11,1056,370663
1015,1648-1-1,Rabu,5,12,1057,371028
1016,1649-1-1,Jumaat,17,12,1058,371394
1017,1650-1-1,Sabtu,27,12,1059,371759
1018,1651-1-1,Ahad,8,1,1061,372124
1019,1652-1-1,Isnin,19,1,1062,372489
1020,1653-1-1,Rabu,1,2,1063,372855
1021,1654-1-1,Khamis,12,2,1064,373220
1022,1655-1-1,Jumaat,23,2,1065,373585
1023,1656-1-1,Sabtu,4,3,1066,373950
1024,1657-1-1,Isnin,15,3,1067,374316
1025,1658-1-1,Selasa,26,3,1068,374681
1026,1659-1-1,Rabu,7,4,1069,375046
1027,1660-1-1,Khamis,17,4,1070,375411
1028,1661-1-1,Sabtu,29,4,1071,375777
1029,1662-1-1,Ahad,10,5,1072,376142
1030,1663-1-1,Isnin,21,5,1073,376507
1031,1664-1-1,Selasa,2,6,1074,376872
1032,1665-1-1,Khamis,14,6,1075,377238
1033,1666-1-1,Jumaat,25,6,1076,377603
1034,1667-1-1,Sabtu,6,7,1077,377968
1035,1668-1-1,Ahad,16,7,1078,378333
1036,1669-1-1,Selasa,27,7,1079,378699
1037,1670-1-1,Rabu,9,8,1080,379064
1038,1671-1-1,Khamis,19,8,1081,379429
1039,1672-1-1,Jumaat,30,8,1082,379794
1040,1673-1-1,Ahad,12,9,1083,380160
1041,1674-1-1,Isnin,23,9,1084,380525
1042,1675-1-1,Selasa,4,10,1085,380890
1043,1676-1-1,Rabu,15,10,1086,381255
1044,1677-1-1,Jumaat,26,10,1087,381621
1045,1678-1-1,Sabtu,7,11,1088,381986
1046,1679-1-1,Ahad,18,11,1089,382351
1047,1680-1-1,Isnin,28,11,1090,382716
1048,1681-1-1,Rabu,10,12,1091,383082
1049,1682-1-1,Khamis,21,12,1092,383447
1050,1683-1-1,Jumaat,3,1,1094,383812
1051,1684-1-1,Sabtu,13,1,1095,384177
1052,1685-1-1,Isnin,25,1,1096,384543
1053,1686-1-1,Selasa,6,2,1097,384908
1054,1687-1-1,Rabu,16,2,1098,385273
1055,1688-1-1,Khamis,27,2,1099,385638
1056,1689-1-1,Sabtu,9,3,1100,386004
1057,1690-1-1,Ahad,20,3,1101,386369
1058,1691-1-1,Isnin,1,4,1102,386734
1059,1692-1-1,Selasa,12,4,1103,387099
1060,1693-1-1,Khamis,23,4,1104,387465
1061,1694-1-1,Jumaat,4,5,1105,387830
1062,1695-1-1,Sabtu,15,5,1106,388195
1063,1696-1-1,Ahad,25,5,1107,388560
1064,1697-1-1,Selasa,7,6,1108,388926
1065,1698-1-1,Rabu,18,6,1109,389291
1066,1699-1-1,Khamis,29,6,1110,389656
1067,1700-1-1,Jumaat,10,7,1111,390021
1068,1701-1-1,Sabtu,21,7,1112,390386
1069,1702-1-1,Ahad,2,8,1113,390751
1070,1703-1-1,Isnin,12,8,1114,391116
1071,1704-1-1,Selasa,23,8,1115,391481
1072,1705-1-1,Khamis,5,9,1116,391847
1073,1706-1-1,Jumaat,15,9,1117,392212
1074,1707-1-1,Sabtu,26,9,1118,392577
1075,1708-1-1,Ahad,7,10,1119,392942
1076,1709-1-1,Selasa,19,10,1120,393308
1077,1710-1-1,Rabu,30,10,1121,393673
1078,1711-1-1,Khamis,11,11,1122,394038
1079,1712-1-1,Jumaat,22,11,1123,394403
1080,1713-1-1,Ahad,3,12,1124,394769
1081,1714-1-1,Isnin,14,12,1125,395134
1082,1715-1-1,Selasa,24,12,1126,395499
1083,1716-1-1,Rabu,6,1,1128,395864
1084,1717-1-1,Jumaat,18,1,1129,396230
1085,1718-1-1,Sabtu,29,1,1130,396595
1086,1719-1-1,Ahad,10,2,1131,396960
1087,1720-1-1,Isnin,20,2,1132,397325
1088,1721-1-1,Rabu,2,3,1133,397691
1089,1722-1-1,Khamis,12,3,1134,398056
1090,1723-1-1,Jumaat,23,3,1135,398421
1091,1724-1-1,Sabtu,4,4,1136,398786
1092,1725-1-1,Isnin,16,4,1137,399152
1093,1726-1-1,Selasa,27,4,1138,399517
1094,1727-1-1,Rabu,8,5,1139,399882
1095,1728-1-1,Khamis,19,5,1140,400247
1096,1729-1-1,Sabtu,1,6,1141,400613
1097,1730-1-1,Ahad,11,6,1142,400978
1098,1731-1-1,Isnin,21,6,1143,401343
1099,1732-1-1,Selasa,2,7,1144,401708
1100,1733-1-1,Khamis,14,7,1145,402074
1101,1734-1-1,Jumaat,25,7,1146,402439
1102,1735-1-1,Sabtu,6,8,1147,402804
1103,1736-1-1,Ahad,17,8,1148,403169
1104,1737-1-1,Selasa,29,8,1149,403535
1105,1738-1-1,Rabu,10,9,1150,403900
1106,1739-1-1,Khamis,20,9,1151,404265
1107,1740-1-1,Jumaat,1,10,1152,404630
1108,1741-1-1,Ahad,12,10,1153,404996
1109,1742-1-1,Isnin,23,10,1154,405361
1110,1743-1-1,Selasa,4,11,1155,405726
1111,1744-1-1,Rabu,15,11,1156,406091
1112,1745-1-1,Jumaat,27,11,1157,406457
1113,1746-1-1,Sabtu,8,12,1158,406822
1114,1747-1-1,Ahad,19,12,1159,407187
1115,1748-1-1,Isnin,29,12,1160,407552
1116,1749-1-1,Rabu,11,1,1162,407918
1117,1750-1-1,Khamis,22,1,1163,408283
1118,1751-1-1,Jumaat,3,2,1164,408648
1119,1752-1-1,Sabtu,14,2,1165,409013
1120,1753-1-1,Isnin,26,2,1166,409379
1121,1754-1-1,Selasa,7,3,1167,409744
1122,1755-1-1,Rabu,18,3,1168,410109
1123,1756-1-1,Khamis,28,3,1169,410474
1124,1757-1-1,Sabtu,10,4,1170,410840
1125,1758-1-1,Ahad,20,4,1171,411205
1126,1759-1-1,Isnin,1,5,1172,411570
1127,1760-1-1,Selasa,12,5,1173,411935
1128,1761-1-1,Khamis,24,5,1174,412301
1129,1762-1-1,Jumaat,5,6,1175,412666
1130,1763-1-1,Sabtu,16,6,1176,413031
1131,1764-1-1,Ahad,27,6,1177,413396
1132,1765-1-1,Selasa,9,7,1178,413762
1133,1766-1-1,Rabu,19,7,1179,414127
1134,1767-1-1,Khamis,29,7,1180,414492
1135,1768-1-1,Jumaat,10,8,1181,414857
1136,1769-1-1,Ahad,22,8,1182,415223
1137,1770-1-1,Isnin,3,9,1183,415588
1138,1771-1-1,Selasa,14,9,1184,415953
1139,1772-1-1,Rabu,25,9,1185,416318
1140,1773-1-1,Jumaat,7,10,1186,416684
1141,1774-1-1,Sabtu,18,10,1187,417049
1142,1775-1-1,Ahad,28,10,1188,417414
1143,1776-1-1,Isnin,9,11,1189,417779
1144,1777-1-1,Rabu,20,11,1190,418145
1145,1778-1-1,Khamis,1,12,1191,418510
1146,1779-1-1,Jumaat,12,12,1192,418875
1147,1780-1-1,Sabtu,23,12,1193,419240
1148,1781-1-1,Isnin,6,1,1195,419606
1149,1782-1-1,Selasa,16,1,1196,419971
1150,1783-1-1,Rabu,27,1,1197,420336
1151,1784-1-1,Khamis,8,2,1198,420701
1152,1785-1-1,Sabtu,19,2,1199,421067
1153,1786-1-1,Ahad,30,2,1200,421432
1154,1787-1-1,Isnin,11,3,1201,421797
1155,1788-1-1,Selasa,22,3,1202,422162
1156,1789-1-1,Khamis,4,4,1203,422528
1157,1790-1-1,Jumaat,15,4,1204,422893
1158,1791-1-1,Sabtu,25,4,1205,423258
1159,1792-1-1,Ahad,6,5,1206,423623
1160,1793-1-1,Selasa,18,5,1207,423989
1161,1794-1-1,Rabu,28,5,1208,424354
1162,1795-1-1,Khamis,9,6,1209,424719
1163,1796-1-1,Jumaat,20,6,1210,425084
1164,1797-1-1,Ahad,2,7,1211,425450
1165,1798-1-1,Isnin,13,7,1212,425815
1166,1799-1-1,Selasa,24,7,1213,426180
1167,1800-1-1,Rabu,5,8,1214,426545
1168,1801-1-1,Khamis,15,8,1215,426910
1169,1802-1-1,Jumaat,26,8,1216,427275
1170,1803-1-1,Sabtu,7,9,1217,427640
1171,1804-1-1,Ahad,17,9,1218,428005
1172,1805-1-1,Selasa,29,9,1219,428371
1173,1806-1-1,Rabu,10,10,1220,428736
1174,1807-1-1,Khamis,21,10,1221,429101
1175,1808-1-1,Jumaat,2,11,1222,429466
1176,1809-1-1,Ahad,14,11,1223,429832
1177,1810-1-1,Isnin,24,11,1224,430197
1178,1811-1-1,Selasa,5,12,1225,430562
1179,1812-1-1,Rabu,16,12,1226,430927
1180,1813-1-1,Jumaat,27,12,1227,431293
1181,1814-1-1,Sabtu,9,1,1229,431658
1182,1815-1-1,Ahad,20,1,1230,432023
1183,1816-1-1,Isnin,1,2,1231,432388
1184,1817-1-1,Rabu,12,2,1232,432754
1185,1818-1-1,Khamis,23,2,1233,433119
1186,1819-1-1,Jumaat,4,3,1234,433484
1187,1820-1-1,Sabtu,14,3,1235,433849
1188,1821-1-1,Isnin,26,3,1236,434215
1189,1822-1-1,Selasa,7,4,1237,434580
1190,1823-1-1,Rabu,18,4,1238,434945
1191,1824-1-1,Khamis,29,4,1239,435310
1192,1825-1-1,Sabtu,11,5,1240,435676
1193,1826-1-1,Ahad,22,5,1241,436041
1194,1827-1-1,Isnin,3,6,1242,436406
1195,1828-1-1,Selasa,13,6,1243,436771
1196,1829-1-1,Khamis,24,6,1244,437137
1197,1830-1-1,Jumaat,5,7,1245,437502
1198,1831-1-1,Sabtu,16,7,1246,437867
1199,1832-1-1,Ahad,27,7,1247,438232
1200,1833-1-1,Selasa,9,8,1248,438598
1201,1834-1-1,Rabu,20,8,1249,438963
1202,1835-1-1,Khamis,1,9,1250,439328
1203,1836-1-1,Jumaat,12,9,1251,439693
1204,1837-1-1,Ahad,23,9,1252,440059
1205,1838-1-1,Isnin,4,10,1253,440424
1206,1839-1-1,Selasa,14,10,1254,440789
1207,1840-1-1,Rabu,25,10,1255,441154
1208,1841-1-1,Jumaat,7,11,1256,441520
1209,1842-1-1,Sabtu,18,11,1257,441885
1210,1843-1-1,Ahad,29,11,1258,442250
1211,1844-1-1,Isnin,10,12,1259,442615
1212,1845-1-1,Rabu,22,12,1260,442981
1213,1846-1-1,Khamis,3,1,1262,443346
1214,1847-1-1,Jumaat,13,1,1263,443711
1215,1848-1-1,Sabtu,24,1,1264,444076
1216,1849-1-1,Isnin,6,2,1265,444442
1217,1850-1-1,Selasa,17,2,1266,444807
1218,1851-1-1,Rabu,28,2,1267,445172
1219,1852-1-1,Khamis,9,3,1268,445537
1220,1853-1-1,Sabtu,20,3,1269,445903
1221,1854-1-1,Ahad,1,4,1270,446268
1222,1855-1-1,Isnin,12,4,1271,446633
1223,1856-1-1,Selasa,22,4,1272,446998
1224,1857-1-1,Khamis,4,5,1273,447364
1225,1858-1-1,Jumaat,15,5,1274,447729
1226,1859-1-1,Sabtu,26,5,1275,448094
1227,1860-1-1,Ahad,7,6,1276,448459
1228,1861-1-1,Selasa,19,6,1277,448825
1229,1862-1-1,Rabu,29,6,1278,449190
1230,1863-1-1,Khamis,10,7,1279,449555
1231,1864-1-1,Jumaat,21,7,1280,449920
1232,1865-1-1,Ahad,3,8,1281,450286
1233,1866-1-1,Isnin,13,8,1282,450651
1234,1867-1-1,Selasa,24,8,1283,451016
1235,1868-1-1,Rabu,5,9,1284,451381
1236,1869-1-1,Jumaat,17,9,1285,451747
1237,1870-1-1,Sabtu,28,9,1286,452112
1238,1871-1-1,Ahad,9,10,1287,452477
1239,1872-1-1,Isnin,19,10,1288,452842
1240,1873-1-1,Rabu,1,11,1289,453208
1241,1874-1-1,Khamis,12,11,1290,453573
1242,1875-1-1,Jumaat,22,11,1291,453938
1243,1876-1-1,Sabtu,4,12,1292,454303
1244,1877-1-1,Isnin,16,12,1293,454669
1245,1878-1-1,Selasa,27,12,1294,455034
1246,1879-1-1,Rabu,8,1,1296,455399
1247,1880-1-1,Khamis,18,1,1297,455764
1248,1881-1-1,Sabtu,29,1,1298,456130
1249,1882-1-1,Ahad,10,2,1299,456495
1250,1883-1-1,Isnin,21,2,1300,456860
1251,1884-1-1,Selasa,2,3,1301,457225
1252,1885-1-1,Khamis,14,3,1302,457591
1253,1886-1-1,Jumaat,25,3,1303,457956
1254,1887-1-1,Sabtu,6,4,1304,458321
1255,1888-1-1,Ahad,17,4,1305,458686
1256,1889-1-1,Selasa,28,4,1306,459052
1257,1890-1-1,Rabu,9,5,1307,459417
1258,1891-1-1,Khamis,19,5,1308,459782
1259,1892-1-1,Jumaat,30,5,1309,460147
1260,1893-1-1,Ahad,12,6,1310,460513
1261,1894-1-1,Isnin,23,6,1311,460878
1262,1895-1-1,Selasa,4,7,1312,461243
1263,1896-1-1,Rabu,15,7,1313,461608
1264,1897-1-1,Jumaat,27,7,1314,461974
1265,1898-1-1,Sabtu,8,8,1315,462339
1266,1899-1-1,Ahad,18,8,1316,462704
1267,1900-1-1,Isnin,28,8,1317,463069
1268,1901-1-1,Selasa,9,9,1318,463434
1269,1902-1-1,Rabu,20,9,1319,463799
1270,1903-1-1,Khamis,2,10,1320,464164
1271,1904-1-1,Jumaat,13,10,1321,464529
1272,1905-1-1,Ahad,24,10,1322,464895
1273,1906-1-1,Isnin,5,11,1323,465260
1274,1907-1-1,Selasa,16,11,1324,465625
1275,1908-1-1,Rabu,26,11,1325,465990
1276,1909-1-1,Jumaat,8,12,1326,466356
1277,1910-1-1,Sabtu,19,12,1327,466721
1278,1911-1-1,Ahad,29,12,1328,467086
1279,1912-1-1,Isnin,11,1,1330,467451
1280,1913-1-1,Rabu,23,1,1331,467817
1281,1914-1-1,Khamis,4,2,1332,468182
1282,1915-1-1,Jumaat,14,2,1333,468547
1283,1916-1-1,Sabtu,25,2,1334,468912
1284,1917-1-1,Isnin,7,3,1335,469278
1285,1918-1-1,Selasa,17,3,1336,469643
1286,1919-1-1,Rabu,28,3,1337,470008
1287,1920-1-1,Khamis,9,4,1338,470373
1288,1921-1-1,Sabtu,21,4,1339,470739
1289,1922-1-1,Ahad,2,5,1340,471104
1290,1923-1-1,Isnin,13,5,1341,471469
1291,1924-1-1,Selasa,24,5,1342,471834
1292,1925-1-1,Khamis,5,6,1343,472200
1293,1926-1-1,Jumaat,16,6,1344,472565
1294,1927-1-1,Sabtu,26,6,1345,472930
1295,1928-1-1,Ahad,7,7,1346,473295
1296,1929-1-1,Selasa,19,7,1347,473661
1297,1930-1-1,Rabu,30,7,1348,474026
1298,1931-1-1,Khamis,11,8,1349,474391
1299,1932-1-1,Jumaat,22,8,1350,474756
1300,1933-1-1,Ahad,4,9,1351,475122
1301,1934-1-1,Isnin,14,9,1352,475487
1302,1935-1-1,Selasa,25,9,1353,475852
1303,1936-1-1,Rabu,6,10,1354,476217
1304,1937-1-1,Jumaat,17,10,1355,476583
1305,1938-1-1,Sabtu,28,10,1356,476948
1306,1939-1-1,Ahad,10,11,1357,477313
1307,1940-1-1,Isnin,21,11,1358,477678
1308,1941-1-1,Rabu,3,12,1359,478044
1309,1942-1-1,Khamis,13,12,1360,478409
1310,1943-1-1,Jumaat,23,12,1361,478774
1311,1944-1-1,Sabtu,4,1,1363,479139
1312,1945-1-1,Isnin,16,1,1364,479505
1313,1946-1-1,Selasa,27,1,1365,479870
1314,1947-1-1,Rabu,8,2,1366,480235
1315,1948-1-1,Khamis,19,2,1367,480600
1316,1949-1-1,Sabtu,1,3,1368,480966
1317,1950-1-1,Ahad,12,3,1369,481331
1318,1951-1-1,Isnin,22,3,1370,481696
1319,1952-1-1,Selasa,3,4,1371,482061
1320,1953-1-1,Khamis,14,4,1372,482427
1321,1954-1-1,Jumaat,25,4,1373,482792
1322,1955-1-1,Sabtu,6,5,1374,483157
1323,1956-1-1,Ahad,17,5,1375,483522
1324,1957-1-1,Selasa,29,5,1376,483888
1325,1958-1-1,Rabu,10,6,1377,484253
1326,1959-1-1,Khamis,21,6,1378,484618
1327,1960-1-1,Jumaat,2,7,1379,484983
1328,1961-1-1,Ahad,13,7,1380,485349
1329,1962-1-1,Isnin,24,7,1381,485714
1330,1963-1-1,Selasa,4,8,1382,486079
1331,1964-1-1,Rabu,15,8,1383,486444
1332,1965-1-1,Jumaat,27,8,1384,486810
1333,1966-1-1,Sabtu,9,9,1385,487175
1334,1967-1-1,Ahad,19,9,1386,487540
1335,1968-1-1,Isnin,30,9,1387,487905
1336,1969-1-1,Rabu,12,10,1388,488271
1337,1970-1-1,Khamis,22,10,1389,488636
1338,1971-1-1,Jumaat,3,11,1390,489001
1339,1972-1-1,Sabtu,14,11,1391,489366
1340,1973-1-1,Isnin,25,11,1392,489732
1341,1974-1-1,Selasa,7,12,1393,490097
1342,1975-1-1,Rabu,18,12,1394,490462
1343,1976-1-1,Khamis,28,12,1395,490827
1344,1977-1-1,Sabtu,10,1,1397,491193
1345,1978-1-1,Ahad,21,1,1398,491558
1346,1979-1-1,Isnin,2,2,1399,491923
1347,1980-1-1,Selasa,12,2,1400,492288
1348,1981-1-1,Khamis,24,2,1401,492654
1349,1982-1-1,Jumaat,5,3,1402,493019
1350,1983-1-1,Sabtu,16,3,1403,493384
1351,1984-1-1,Ahad,27,3,1404,493749
1352,1985-1-1,Selasa,9,4,1405,494115
1353,1986-1-1,Rabu,19,4,1406,494480
1354,1987-1-1,Khamis,30,4,1407,494845
1355,1988-1-1,Jumaat,11,5,1408,495210
1356,1989-1-1,Ahad,22,5,1409,495576
1357,1990-1-1,Isnin,3,6,1410,495941
1358,1991-1-1,Selasa,14,6,1411,496306
1359,1992-1-1,Rabu,25,6,1412,496671
1360,1993-1-1,Jumaat,7,7,1413,497037
1361,1994-1-1,Sabtu,18,7,1414,497402
1362,1995-1-1,Ahad,28,7,1415,497767
1363,1996-1-1,Isnin,9,8,1416,498132
1364,1997-1-1,Rabu,21,8,1417,498498
1365,1998-1-1,Khamis,2,9,1418,498863
1366,1999-1-1,Jumaat,12,9,1419,499228
1367,2000-1-1,Sabtu,23,9,1420,499593
1368,2001-1-1,Isnin,6,10,1421,499959
1369,2002-1-1,Selasa,16,10,1422,500324
1370,2003-1-1,Rabu,27,10,1423,500689
1371,2004-1-1,Khamis,8,11,1424,501054
1372,2005-1-1,Sabtu,20,11,1425,501420
1373,2006-1-1,Ahad,30,11,1426,501785
1374,2007-1-1,Isnin,11,12,1427,502150
1375,2008-1-1,Selasa,22,12,1428,502515
1376,2009-1-1,Khamis,4,1,1430,502881
1377,2010-1-1,Jumaat,15,1,1431,503246
1378,2011-1-1,Sabtu,26,1,1432,503611
1379,2012-1-1,Ahad,7,2,1433,503976
1380,2013-1-1,Selasa,18,2,1434,504342
1381,2014-1-1,Rabu,28,2,1435,504707
1382,2015-1-1,Khamis,10,3,1436,505072
1383,2016-1-1,Jumaat,20,3,1437,505437
1384,2017-1-1,Ahad,2,4,1438,505803
1385,2018-1-1,Isnin,13,4,1439,506168
1386,2019-1-1,Selasa,24,4,1440,506533
1387,2020-1-1,Rabu,5,5,1441,506898
1388,2021-1-1,Jumaat,17,5,1442,507264
1389,2022-1-1,Sabtu,27,5,1443,507629
1390,2023-1-1,Ahad,8,6,1444,507994
1391,2024-1-1,Isnin,19,6,1445,508359
1392,2025-1-1,Rabu,1,7,1446,508725
1393,2026-1-1,Khamis,11,7,1447,509090
1394,2027-1-1,Jumaat,22,7,1448,509455
1395,2028-1-1,Sabtu,3,8,1449,509820
1396,2029-1-1,Isnin,15,8,1450,510186
1397,2030-1-1,Selasa,26,8,1451,510551
1398,2031-1-1,Rabu,7,9,1452,510916
1399,2032-1-1,Khamis,17,9,1453,511281
1400,2033-1-1,Sabtu,29,9,1454,511647
1401,2034-1-1,Ahad,10,10,1455,512012
1402,2035-1-1,Isnin,21,10,1456,512377
1403,2036-1-1,Selasa,2,11,1457,512742
1404,2037-1-1,Khamis,14,11,1458,513108
1405,2038-1-1,Jumaat,24,11,1459,513473
1406,2039-1-1,Sabtu,5,12,1460,513838
1407,2040-1-1,Ahad,16,12,1461,514203
1408,2041-1-1,Selasa,27,12,1462,514569
1409,2042-1-1,Rabu,8,1,1464,514934
1410,2043-1-1,Khamis,19,1,1465,515299
1411,2044-1-1,Jumaat,30,1,1466,515664
1412,2045-1-1,Ahad,12,2,1467,516030
